CalendarName,Supervisor,EventStatus,textBox4,textBox12,Alert,ServiceRowNumber,AttendeeName,AttendeePhone,DateOfBirth,E-mail,Street,City,State/Provicne,PostalCode
Leadership,"Recreation: Coordinator, West Area",Confirmed,5,Thornlea Pool & Gymnasium,,1,1,1,13/06/2007,1,1,1,1,1
Leadership,"Recreation: Coordinator, West Area",Confirmed,5,Thornlea Pool & Gymnasium,,2,2,2,22/04/2011,2,2,2,2,2
Leadership,"Recreation: Coordinator, West Area",Confirmed,5,Thornlea Pool & Gymnasium,,3,3,3,25/06/2011,3,3,3,3,3
Leadership,"Recreation: Coordinator, West Area",Confirmed,5,Thornlea Pool & Gymnasium,,4,4,4,2/1/2008,4,4,4,4,4
Leadership,"Recreation: Coordinator, West Area",Confirmed,5,Thornlea Pool & Gymnasium,,5,5,5,8/8/2008,5,5,5,5,5
Leadership,"Recreation: Coordinator, West Area",Confirmed,5,Thornlea Pool & Gymnasium,,6,6,6,30/11/2009,6,6,6,6,6
Leadership,"Recreation: Coordinator, West Area",Confirmed,5,Thornlea Pool & Gymnasium,,7,7,7,19/10/2008,7,7,7,7,7
Leadership,"Recreation: Coordinator, West Area",Confirmed,5,Thornlea Pool & Gymnasium,,8,8,8,15/03/2007,8,8,8,8,8
Leadership,"Recreation: Coordinator, West Area",Confirmed,5,Thornlea Pool & Gymnasium,,9,9,9,30/05/2008,9,9,9,9,9
Leadership,"Recreation: Coordinator, West Area",Confirmed,5,Thornlea Pool & Gymnasium,,10,10,10,26/03/2011,10,10,10,10,10
Leadership,"Recreation: Coordinator, West Area",Confirmed,5,Thornlea Pool & Gymnasium,,1,11,11,13/06/2007,11,11,11,11,11
Leadership,"Recreation: Coordinator, West Area",Confirmed,5,Thornlea Pool & Gymnasium,,2,12,12,22/04/2011,12,12,12,12,12
Leadership,"Recreation: Coordinator, West Area",Confirmed,5,Thornlea Pool & Gymnasium,,3,13,13,25/06/2011,13,13,13,13,13
Leadership,"Recreation: Coordinator, West Area",Confirmed,5,Thornlea Pool & Gymnasium,,4,14,14,2/1/2008,14,14,14,14,14
Leadership,"Recreation: Coordinator, West Area",Confirmed,5,Thornlea Pool & Gymnasium,,5,15,15,8/8/2008,15,15,15,15,15
Leadership,"Recreation: Coordinator, West Area",Confirmed,5,Thornlea Pool & Gymnasium,,6,16,16,30/11/2009,16,16,16,16,16
Leadership,"Recreation: Coordinator, West Area",Confirmed,5,Thornlea Pool & Gymnasium,,7,17,17,19/10/2008,17,17,17,17,17
Leadership,"Recreation: Coordinator, West Area",Confirmed,5,Thornlea Pool & Gymnasium,,8,18,18,15/03/2007,18,18,18,18,18
Leadership,"Recreation: Coordinator, West Area",Confirmed,5,Thornlea Pool & Gymnasium,,9,19,19,30/05/2008,19,19,19,19,19
Leadership,"Recreation: Coordinator, West Area",Confirmed,5,Thornlea Pool & Gymnasium,,10,20,20,26/03/2011,20,20,20,20,20
